{"cameraMode":{"drawMode":0,"name":"Shaded","section":"Shading Mode"},"sceneLighting":true,"audioPlay":false,"sceneViewState":{"showFog":true,"showMaterialUpdate":false,"showSkybox":true,"showFlares":true,"showImageEffects":true,"showParticleSystems":true},"in2DMode":false,"pivot":{"x":4.4317626953125,"y":1.9305419921875,"z":-0.992431640625},"rotation":{"x":0.06885603070259094,"y":0.2108745276927948,"z":-0.014874342828989029,"w":0.974999189376831},"size":2.6549484729766847,"orthographic":true}