{"cameraMode":{"drawMode":0,"name":"Shaded","section":"Shading Mode"},"sceneLighting":true,"audioPlay":false,"sceneViewState":{"showFog":true,"showMaterialUpdate":false,"showSkybox":true,"showFlares":true,"showImageEffects":true,"showParticleSystems":true},"in2DMode":false,"pivot":{"x":30.00775718688965,"y":0.5011962056159973,"z":-0.35219869017601015},"rotation":{"x":-0.04307505488395691,"y":0.37647581100463869,"z":-0.017477717250585557,"w":-0.9253125190734863},"size":4.041292190551758,"orthographic":true}