{"cameraMode":{"drawMode":0,"name":"Shaded","section":"Shading Mode"},"sceneLighting":true,"audioPlay":false,"sceneViewState":{"showFog":true,"showMaterialUpdate":false,"showSkybox":true,"showFlares":true,"showImageEffects":true,"showParticleSystems":true},"in2DMode":false,"pivot":{"x":1.933591604232788,"y":1.3315656185150147,"z":0.0656152069568634},"rotation":{"x":0.06885603070259094,"y":0.2108745276927948,"z":-0.014874342828989029,"w":0.974999189376831},"size":3.3465428352355959,"orthographic":true}